[
  {
    "id": "3309e1b5-cedd-4857-bbae-ce95336c7d7c",
    "data": [
      {
        "text": "Burger",
        "alias": "item",
        "meta": "@item",
        "userDefined": true
      },
      {
        "text": " khabo",
        "userDefined": false
      }
    ],
    "isTemplate": false,
    "count": 0
  },
  {
    "id": "3ee96378-c00b-4fcd-b41c-1b33a0d0ff9c",
    "data": [
      {
        "text": "Burger",
        "alias": "item",
        "meta": "@item",
        "userDefined": false
      },
      {
        "text": " daw",
        "userDefined": false
      }
    ],
    "isTemplate": false,
    "count": 0
  },
  {
    "id": "c78af4ee-2ad9-4edc-8cac-abd5f13a271b",
    "data": [
      {
        "text": "Burger",
        "alias": "item",
        "meta": "@item",
        "userDefined": false
      },
      {
        "text": " delivery",
        "userDefined": false
      }
    ],
    "isTemplate": false,
    "count": 0
  },
  {
    "id": "5cde52eb-3013-4c2c-923a-18ecc94eab8a",
    "data": [
      {
        "text": "Burger",
        "alias": "item",
        "meta": "@item",
        "userDefined": false
      },
      {
        "text": " nibo",
        "userDefined": false
      }
    ],
    "isTemplate": false,
    "count": 0
  },
  {
    "id": "e0778e59-ef1c-4592-a565-66749a0a5391",
    "data": [
      {
        "text": "Burger",
        "alias": "item",
        "meta": "@item",
        "userDefined": false
      }
    ],
    "isTemplate": false,
    "count": 0
  }
]