[
  {
    "id": "a6792e29-827c-4594-afa1-027b5fcd5469",
    "data": [
      {
        "text": "Spicy",
        "alias": "BSpice",
        "meta": "@BSpice",
        "userDefined": false
      }
    ],
    "isTemplate": false,
    "count": 0
  },
  {
    "id": "efd2ae9e-01f0-46ba-99fb-a9c018fe30af",
    "data": [
      {
        "text": "Mild",
        "alias": "BSpice",
        "meta": "@BSpice",
        "userDefined": false
      }
    ],
    "isTemplate": false,
    "count": 0
  },
  {
    "id": "3bdce118-767a-4018-9743-1e18fe13f696",
    "data": [
      {
        "text": "Reguler",
        "alias": "BSpice",
        "meta": "@BSpice",
        "userDefined": false
      }
    ],
    "isTemplate": false,
    "count": 0
  }
]