[
  {
    "id": "2341e92b-26d9-4784-9eee-81d5537500d4",
    "data": [
      {
        "text": "4",
        "alias": "number",
        "meta": "@sys.number",
        "userDefined": false
      }
    ],
    "isTemplate": false,
    "count": 0
  },
  {
    "id": "66c370df-a4a3-4724-bdba-654fd1347cbb",
    "data": [
      {
        "text": "11",
        "alias": "number",
        "meta": "@sys.number",
        "userDefined": false
      }
    ],
    "isTemplate": false,
    "count": 0
  },
  {
    "id": "e9d65ecf-dd83-46f7-be22-3ad373d07b54",
    "data": [
      {
        "text": "5",
        "alias": "number",
        "meta": "@sys.number",
        "userDefined": false
      }
    ],
    "isTemplate": false,
    "count": 0
  },
  {
    "id": "9da3fba6-1774-4dc7-81da-5dae7b44662e",
    "data": [
      {
        "text": "12",
        "alias": "number",
        "meta": "@sys.number",
        "userDefined": false
      }
    ],
    "isTemplate": false,
    "count": 0
  },
  {
    "id": "0f914255-9d4e-45d2-92ef-aae318481b29",
    "data": [
      {
        "text": "7",
        "alias": "number",
        "meta": "@sys.number",
        "userDefined": false
      }
    ],
    "isTemplate": false,
    "count": 0
  },
  {
    "id": "09f847aa-ef66-450c-8b32-513039ccee3a",
    "data": [
      {
        "text": "2",
        "alias": "number",
        "meta": "@sys.number",
        "userDefined": false
      }
    ],
    "isTemplate": false,
    "count": 0
  },
  {
    "id": "7f415ea3-aa23-40c3-b5f0-5a8d434b7606",
    "data": [
      {
        "text": "3",
        "alias": "number",
        "meta": "@sys.number",
        "userDefined": false
      }
    ],
    "isTemplate": false,
    "count": 0
  },
  {
    "id": "835dd9e0-f00d-435d-ba9f-ebc73f1e62fe",
    "data": [
      {
        "text": "10",
        "alias": "number",
        "meta": "@sys.number",
        "userDefined": false
      }
    ],
    "isTemplate": false,
    "count": 0
  },
  {
    "id": "312474ac-8bf0-4c58-8baa-f45d6b0c4e79",
    "data": [
      {
        "text": "9",
        "alias": "number",
        "meta": "@sys.number",
        "userDefined": false
      }
    ],
    "isTemplate": false,
    "count": 0
  },
  {
    "id": "66f2f279-1ec6-46a4-adef-7bef6f08cf23",
    "data": [
      {
        "text": "8",
        "alias": "number",
        "meta": "@sys.number",
        "userDefined": false
      }
    ],
    "isTemplate": false,
    "count": 0
  },
  {
    "id": "eadd40ca-91b7-4d75-8bd7-a4b55a710730",
    "data": [
      {
        "text": "6",
        "alias": "number",
        "meta": "@sys.number",
        "userDefined": false
      }
    ],
    "isTemplate": false,
    "count": 0
  }
]