[
  {
    "id": "1652ada9-c468-4057-a9a7-666730ef5070",
    "data": [
      {
        "text": "pizza",
        "userDefined": false
      }
    ],
    "isTemplate": false,
    "count": 0
  },
  {
    "id": "e5b28087-09fe-4a77-a09f-880a2f03f894",
    "data": [
      {
        "text": "order pizza",
        "userDefined": false
      }
    ],
    "isTemplate": false,
    "count": 0
  },
  {
    "id": "029c1029-d16f-43c9-9e0b-0ba35f08ceba",
    "data": [
      {
        "text": "I want to order",
        "userDefined": false
      }
    ],
    "isTemplate": false,
    "count": 0
  },
  {
    "id": "d930d195-5237-46aa-b838-fdda284ef50f",
    "data": [
      {
        "text": "pizza order dibo",
        "userDefined": false
      }
    ],
    "isTemplate": false,
    "count": 0
  },
  {
    "id": "d46aec65-5bb8-4107-906e-2731f33828e7",
    "data": [
      {
        "text": "I want pizza",
        "userDefined": false
      }
    ],
    "isTemplate": false,
    "count": 0
  },
  {
    "id": "c0f6bbec-53ab-4dfa-95b2-be072470c866",
    "data": [
      {
        "text": "pizza khabo",
        "userDefined": false
      }
    ],
    "isTemplate": false,
    "count": 0
  },
  {
    "id": "c635b647-a2db-4943-a56d-648923dac541",
    "data": [
      {
        "text": "I want to order pizza",
        "userDefined": false
      }
    ],
    "isTemplate": false,
    "count": 0
  },
  {
    "id": "8cf40072-94c9-433e-ac81-67fb5163ea5c",
    "data": [
      {
        "text": "order dibo",
        "userDefined": false
      }
    ],
    "isTemplate": false,
    "count": 0
  },
  {
    "id": "77227e27-96f8-47c8-8aa1-b9f70e3bbfa4",
    "data": [
      {
        "text": "pizza delivery",
        "userDefined": false
      }
    ],
    "isTemplate": false,
    "count": 0
  },
  {
    "id": "9b52c760-4f13-402d-8634-1719a1475e90",
    "data": [
      {
        "text": "I am hungry",
        "userDefined": false
      }
    ],
    "isTemplate": false,
    "count": 0
  },
  {
    "id": "326a9df6-ac81-4bc6-883d-ab199c634af1",
    "data": [
      {
        "text": "pizza nibo",
        "userDefined": false
      }
    ],
    "isTemplate": false,
    "count": 0
  },
  {
    "id": "6f0767cd-3ec6-4cad-99fe-847ed992d634",
    "data": [
      {
        "text": "pizza delivary nibo",
        "userDefined": false
      }
    ],
    "isTemplate": false,
    "count": 0
  }
]