[
  {
    "id": "246f6e8c-8891-40c1-b568-c4e4d98dae1a",
    "data": [
      {
        "text": "Onion",
        "alias": "Toppings",
        "meta": "@Toppings",
        "userDefined": false
      }
    ],
    "isTemplate": false,
    "count": 0
  },
  {
    "id": "6d4b8859-39c6-4110-8758-0086de7fd70e",
    "data": [
      {
        "text": "Pepperoni",
        "alias": "Toppings",
        "meta": "@Toppings",
        "userDefined": true
      }
    ],
    "isTemplate": false,
    "count": 0
  },
  {
    "id": "38a0acf1-4849-479b-9c6d-3991dbfc6971",
    "data": [
      {
        "text": "Cheese",
        "alias": "Toppings",
        "meta": "@Toppings",
        "userDefined": false
      }
    ],
    "isTemplate": false,
    "count": 0
  },
  {
    "id": "677d7d8b-0620-46ad-a816-c1f4096a2376",
    "data": [
      {
        "text": "Mexican",
        "alias": "Toppings",
        "meta": "@Toppings",
        "userDefined": false
      }
    ],
    "isTemplate": false,
    "count": 0
  },
  {
    "id": "a207b4f0-0932-4721-ab95-fdb4a54762a2",
    "data": [
      {
        "text": "Mushroom",
        "alias": "Toppings",
        "meta": "@Toppings",
        "userDefined": false
      }
    ],
    "isTemplate": false,
    "count": 0
  }
]