[
  {
    "id": "c0a9b20a-a623-4d15-ad91-f78666f31e30",
    "data": [
      {
        "text": "Small",
        "alias": "size",
        "meta": "@size",
        "userDefined": false
      }
    ],
    "isTemplate": false,
    "count": 0
  },
  {
    "id": "55751562-9582-4957-aa3d-99c12a31f35f",
    "data": [
      {
        "text": "Medium",
        "alias": "size",
        "meta": "@size",
        "userDefined": false
      }
    ],
    "isTemplate": false,
    "count": 0
  },
  {
    "id": "a675c2c3-60f0-4432-a7d9-aa36bf298176",
    "data": [
      {
        "text": "Large",
        "alias": "size",
        "meta": "@size",
        "userDefined": false
      }
    ],
    "isTemplate": false,
    "count": 0
  }
]