[
  {
    "id": "048d766f-ef4a-493a-8d6a-5ab2db476a80",
    "data": [
      {
        "text": "01523718934",
        "alias": "phone-number",
        "meta": "@sys.phone-number",
        "userDefined": true
      }
    ],
    "isTemplate": false,
    "count": 0
  },
  {
    "id": "5f8bcfa7-787e-444c-b140-098d69f43624",
    "data": [
      {
        "text": "01613458234",
        "alias": "phone-number",
        "meta": "@sys.phone-number",
        "userDefined": true
      }
    ],
    "isTemplate": false,
    "count": 0
  },
  {
    "id": "b8c1de2b-7495-4f6d-a857-c5f275ee80c5",
    "data": [
      {
        "text": "01723456798",
        "alias": "phone-number",
        "meta": "@sys.phone-number",
        "userDefined": true
      }
    ],
    "isTemplate": false,
    "count": 0
  },
  {
    "id": "334ce195-3210-48d3-9f97-64a90ab59253",
    "data": [
      {
        "text": "01256789358",
        "alias": "phone-number",
        "meta": "@sys.phone-number",
        "userDefined": true
      }
    ],
    "isTemplate": false,
    "count": 0
  },
  {
    "id": "0f003ace-ae4b-44ab-9603-651bfcee6b5d",
    "data": [
      {
        "text": "01245678390",
        "alias": "phone-number",
        "meta": "@sys.phone-number",
        "userDefined": true
      }
    ],
    "isTemplate": false,
    "count": 0
  },
  {
    "id": "f7359f06-711c-478a-8f09-8ee22013171c",
    "data": [
      {
        "text": "01712345678",
        "alias": "phone-number",
        "meta": "@sys.phone-number",
        "userDefined": true
      }
    ],
    "isTemplate": false,
    "count": 0
  },
  {
    "id": "9858a08d-34ca-44f6-b729-d798b2a7fad9",
    "data": [
      {
        "text": "01712895085",
        "alias": "phone-number",
        "meta": "@sys.phone-number",
        "userDefined": true
      }
    ],
    "isTemplate": false,
    "count": 0
  },
  {
    "id": "b0283224-e1ec-452a-aa24-0412fb4ab7d7",
    "data": [
      {
        "text": "my phone",
        "userDefined": false
      }
    ],
    "isTemplate": false,
    "count": 0
  },
  {
    "id": "86e68051-34cf-4377-9283-cbb79920eeb8",
    "data": [
      {
        "text": "my mobile",
        "userDefined": false
      }
    ],
    "isTemplate": false,
    "count": 0
  },
  {
    "id": "68b99439-c376-452b-88ed-a350692da2f4",
    "data": [
      {
        "text": "contact information",
        "userDefined": false
      }
    ],
    "isTemplate": false,
    "count": 0
  },
  {
    "id": "37bc3586-2142-47c4-8a9f-a6d94c4f74cb",
    "data": [
      {
        "text": "mobile",
        "userDefined": false
      }
    ],
    "isTemplate": false,
    "count": 0
  },
  {
    "id": "6657ed7c-741c-40f2-8b87-5cf2c8f6324d",
    "data": [
      {
        "text": "my info",
        "userDefined": false
      }
    ],
    "isTemplate": false,
    "count": 0
  },
  {
    "id": "14c1019d-8aea-4e3e-8192-fef86636d145",
    "data": [
      {
        "text": "amar",
        "meta": "@sys.ignore",
        "userDefined": false
      },
      {
        "text": " number",
        "userDefined": false
      }
    ],
    "isTemplate": false,
    "count": 0
  },
  {
    "id": "1ee274bf-26cd-404e-90ce-53933771ae37",
    "data": [
      {
        "text": "my contact",
        "userDefined": false
      }
    ],
    "isTemplate": false,
    "count": 0
  },
  {
    "id": "9d4f40c5-a986-46c4-a9ab-32190b458bd6",
    "data": [
      {
        "text": "mobile number ",
        "userDefined": false
      },
      {
        "text": "01245458765",
        "alias": "phone-number",
        "meta": "@sys.phone-number",
        "userDefined": false
      }
    ],
    "isTemplate": false,
    "count": 0
  },
  {
    "id": "1af3a599-67e9-4b08-a3f1-818d620c746c",
    "data": [
      {
        "text": "my information",
        "userDefined": false
      }
    ],
    "isTemplate": false,
    "count": 0
  },
  {
    "id": "88d494e3-dbac-433b-bf10-d6569c55dbda",
    "data": [
      {
        "text": "My contact number is ",
        "userDefined": false
      },
      {
        "text": "01713456345",
        "alias": "phone-number",
        "meta": "@sys.phone-number",
        "userDefined": false
      }
    ],
    "isTemplate": false,
    "count": 0
  },
  {
    "id": "50285ce0-3087-451f-ab4a-5d588757126e",
    "data": [
      {
        "text": "cell number ",
        "userDefined": false
      },
      {
        "text": "01245458765",
        "alias": "phone-number",
        "meta": "@sys.phone-number",
        "userDefined": false
      }
    ],
    "isTemplate": false,
    "count": 0
  },
  {
    "id": "92d90d90-f254-4188-a7ab-fba846f302af",
    "data": [
      {
        "text": "My cell number is ",
        "userDefined": false
      },
      {
        "text": "01712543672",
        "alias": "phone-number",
        "meta": "@sys.phone-number",
        "userDefined": false
      }
    ],
    "isTemplate": false,
    "count": 0
  },
  {
    "id": "c46418e6-1f6a-4ae2-af7d-af209027e6a8",
    "data": [
      {
        "text": "my number",
        "userDefined": false
      }
    ],
    "isTemplate": false,
    "count": 0
  },
  {
    "id": "543196bb-71a5-456e-80b0-53e80050fdcf",
    "data": [
      {
        "text": "cell",
        "userDefined": false
      }
    ],
    "isTemplate": false,
    "count": 0
  },
  {
    "id": "80e7fd7a-7ed8-43a9-aa3d-8fe334a871a2",
    "data": [
      {
        "text": "my mobile number is ",
        "userDefined": false
      },
      {
        "text": "01362348787",
        "alias": "phone-number",
        "meta": "@sys.phone-number",
        "userDefined": false
      }
    ],
    "isTemplate": false,
    "count": 0
  },
  {
    "id": "d78fb093-feb0-41d4-948e-c2b152085f6e",
    "data": [
      {
        "text": "mobile number",
        "userDefined": false
      }
    ],
    "isTemplate": false,
    "count": 0
  },
  {
    "id": "aac681a4-4b17-4a9a-92c0-46106fcd7653",
    "data": [
      {
        "text": "my cell",
        "userDefined": false
      }
    ],
    "isTemplate": false,
    "count": 0
  },
  {
    "id": "7b38a756-35b3-4bb5-8579-182030da637e",
    "data": [
      {
        "text": "amar phone",
        "userDefined": false
      }
    ],
    "isTemplate": false,
    "count": 0
  },
  {
    "id": "676e7102-c62a-4f93-a649-d3235438ab1d",
    "data": [
      {
        "text": "contact",
        "userDefined": false
      }
    ],
    "isTemplate": false,
    "count": 0
  },
  {
    "id": "ba938eef-095b-4122-8b15-328278206a0c",
    "data": [
      {
        "text": "mobile number ",
        "userDefined": false
      },
      {
        "text": "0124563789",
        "alias": "phone-number",
        "meta": "@sys.phone-number",
        "userDefined": false
      }
    ],
    "isTemplate": false,
    "count": 0
  },
  {
    "id": "e79e3a35-ba19-4619-be4f-03f24ffa320f",
    "data": [
      {
        "text": "phone number ",
        "userDefined": false
      },
      {
        "text": "01515657386",
        "alias": "phone-number",
        "meta": "@sys.phone-number",
        "userDefined": false
      }
    ],
    "isTemplate": false,
    "count": 0
  }
]